<?xml version="1.0" encoding="UTF-8" standalone="yes"?>
<addon id="plugin.video.kaito" name="kaito" provider-name="SwagOtaku" version="0.0.2">
  <requires>
    <import addon="xbmc.python" version="2.25.0" />
    <import addon="script.module.requests" version="2.19.1" />
    <import addon="script.module.beautifulsoup4" version="4.5.3" />
    <import addon="script.common.plugin.cache" version="2.5.5" />
    <import addon="script.module.inputstreamhelper" version="0.3.3" />
  </requires>
  <extension library="default.py" point="xbmc.python.pluginsource">
        <provides>video</provides>
  </extension>
  <extension point="xbmc.service" library="service.py" />
  <extension point="xbmc.addon.metadata">
    <reuselanguageinvoker>false</reuselanguageinvoker> <!-- You can enable this if you want, expect some instability but much faster menu speeds -->
    <summary lang="en">kaito video plugin</summary>
    <description lang="en">HD Animes</description>
    <platform>all</platform>
    <license>GNU GENERAL PUBLIC LICENSE. Version 3, 29 June 2007</license>
    <assets>
			<icon>icon.png</icon>
			<fanart>fanart.jpg</fanart>
		</assets>
    <news>
Changelog 0.0.1:
Initial release
    </news>
  </extension>
</addon>
